Date,Price
17-09-2014,457.3340149
18-09-2014,424.4400024
19-09-2014,394.79599
20-09-2014,408.9039917
21-09-2014,398.8210144
22-09-2014,402.1520081
23-09-2014,435.7909851
24-09-2014,423.2049866
25-09-2014,411.5740051
26-09-2014,404.4249878
27-09-2014,399.519989
28-09-2014,377.1809998
29-09-2014,375.4670105
30-09-2014,386.9440002
01-10-2014,383.6149902
02-10-2014,375.071991
03-10-2014,359.5119934
04-10-2014,328.8659973
05-10-2014,320.5100098
06-10-2014,330.07901
07-10-2014,336.1870117
08-10-2014,352.9400024
09-10-2014,365.026001
10-10-2014,361.5620117
11-10-2014,362.2990112
12-10-2014,378.5490112
13-10-2014,390.4140015
14-10-2014,400.8699951
15-10-2014,394.7730103
16-10-2014,382.5559998
17-10-2014,383.7579956
18-10-2014,391.4419861
19-10-2014,389.54599
20-10-2014,382.8450012
21-10-2014,386.4750061
22-10-2014,383.1579895
23-10-2014,358.4169922
24-10-2014,358.3450012
25-10-2014,347.2709961
26-10-2014,354.70401
27-10-2014,352.9890137
28-10-2014,357.6180115
29-10-2014,335.5910034
30-10-2014,345.3049927
31-10-2014,338.3210144
01-11-2014,325.7489929
02-11-2014,325.8919983
03-11-2014,327.5539856
04-11-2014,330.4920044
05-11-2014,339.4859924
06-11-2014,349.2900085
07-11-2014,342.4150085
08-11-2014,345.4880066
09-11-2014,363.2640076
10-11-2014,366.9240112
11-11-2014,367.6950073
12-11-2014,423.5610046
13-11-2014,420.7349854
14-11-2014,397.8179932
15-11-2014,376.1329956
16-11-2014,387.8819885
17-11-2014,387.4079895
18-11-2014,375.197998
19-11-2014,380.5549927
20-11-2014,357.8399963
21-11-2014,350.8479919
22-11-2014,352.9200134
23-11-2014,367.572998
24-11-2014,376.901001
25-11-2014,375.3479919
26-11-2014,368.3699951
27-11-2014,369.6700134
28-11-2014,376.446991
29-11-2014,375.4909973
30-11-2014,378.0469971
01-12-2014,379.2449951
02-12-2014,381.3150024
03-12-2014,375.0100098
04-12-2014,369.6040039
05-12-2014,376.8540039
06-12-2014,374.7850037
07-12-2014,375.0950012
08-12-2014,361.9089966
09-12-2014,352.2189941
10-12-2014,346.3649902
11-12-2014,350.506012
12-12-2014,352.5419922
13-12-2014,347.3760071
14-12-2014,351.6319885
15-12-2014,345.3450012
16-12-2014,327.0620117
17-12-2014,319.776001
18-12-2014,311.3959961
19-12-2014,317.8429871
20-12-2014,329.9559937
21-12-2014,320.8429871
22-12-2014,331.8859863
23-12-2014,334.571991
24-12-2014,322.5339966
25-12-2014,319.0079956
26-12-2014,327.9240112
27-12-2014,315.8630066
28-12-2014,317.2390137
29-12-2014,312.6700134
30-12-2014,310.7369995
31-12-2014,320.1929932
01-01-2015,314.2489929
02-01-2015,315.0320129
03-01-2015,281.0820007
04-01-2015,264.1950073
05-01-2015,274.473999
06-01-2015,286.1889954
07-01-2015,294.3370056
08-01-2015,283.348999
09-01-2015,290.4079895
10-01-2015,274.79599
11-01-2015,265.6600037
12-01-2015,267.79599
13-01-2015,225.8609924
14-01-2015,178.1029968
15-01-2015,209.8439941
16-01-2015,208.0970001
17-01-2015,199.2599945
18-01-2015,210.3390045
19-01-2015,214.8609924
20-01-2015,211.3150024
21-01-2015,226.8970032
22-01-2015,233.4060059
23-01-2015,232.8789978
24-01-2015,247.8470001
25-01-2015,253.7180023
26-01-2015,273.4729919
27-01-2015,263.4750061
28-01-2015,233.9149933
29-01-2015,233.5130005
30-01-2015,226.4250031
31-01-2015,217.4640045
01-02-2015,226.9720001
02-02-2015,238.2290039
03-02-2015,227.2680054
04-02-2015,226.8529968
05-02-2015,217.1109924
06-02-2015,222.2660065
07-02-2015,227.7539978
08-02-2015,223.4120026
09-02-2015,220.1100006
10-02-2015,219.8390045
11-02-2015,219.1849976
12-02-2015,221.7640076
13-02-2015,235.427002
14-02-2015,257.3210144
15-02-2015,234.8249969
16-02-2015,233.8430023
17-02-2015,243.6100006
18-02-2015,236.326004
19-02-2015,240.2830048
20-02-2015,243.779007
21-02-2015,244.5339966
22-02-2015,235.977005
23-02-2015,238.8919983
24-02-2015,238.7350006
25-02-2015,237.4700012
26-02-2015,236.4259949
27-02-2015,253.8280029
28-02-2015,254.2630005
01-03-2015,260.2019958
02-03-2015,275.6700134
03-03-2015,281.7019958
04-03-2015,273.0920105
05-03-2015,276.178009
06-03-2015,272.7229919
07-03-2015,276.2609863
08-03-2015,274.3540039
09-03-2015,289.6069946
10-03-2015,291.7600098
11-03-2015,296.3789978
12-03-2015,294.3540039
13-03-2015,285.3370056
14-03-2015,281.8850098
15-03-2015,286.3930054
16-03-2015,290.5929871
17-03-2015,285.5050049
18-03-2015,256.2990112
19-03-2015,260.928009
20-03-2015,261.7489929
21-03-2015,260.0249939
22-03-2015,267.9599915
23-03-2015,266.7399902
24-03-2015,245.5950012
25-03-2015,246.1970062
26-03-2015,248.5319977
27-03-2015,247.029007
28-03-2015,252.7980042
29-03-2015,242.7129974
30-03-2015,247.526001
31-03-2015,244.223999
01-04-2015,247.2720032
02-04-2015,253.0050049
03-04-2015,254.3220062
04-04-2015,253.6970062
05-04-2015,260.5979919
06-04-2015,255.4920044
07-04-2015,253.1799927
08-04-2015,245.0220032
09-04-2015,243.6759949
10-04-2015,236.0720062
11-04-2015,236.552002
12-04-2015,236.1529999
13-04-2015,224.5870056
14-04-2015,219.1589966
15-04-2015,223.8329926
16-04-2015,228.572998
17-04-2015,222.8820038
18-04-2015,223.3560028
19-04-2015,222.6000061
20-04-2015,224.6260071
21-04-2015,235.2689972
22-04-2015,234.1759949
23-04-2015,236.4620056
24-04-2015,231.2680054
25-04-2015,226.3899994
26-04-2015,219.4299927
27-04-2015,229.2859955
28-04-2015,225.8549957
29-04-2015,225.8079987
30-04-2015,236.1450043
01-05-2015,232.0789948
02-05-2015,234.9299927
03-05-2015,240.3580017
04-05-2015,239.0180054
05-05-2015,236.1210022
06-05-2015,229.7819977
07-05-2015,237.3339996
08-05-2015,243.8630066
09-05-2015,241.8320007
10-05-2015,240.2960052
11-05-2015,242.1580048
12-05-2015,241.1119995
13-05-2015,236.3769989
14-05-2015,236.9290009
15-05-2015,237.6049957
16-05-2015,236.1529999
17-05-2015,236.802002
18-05-2015,233.128006
19-05-2015,231.9470062
20-05-2015,234.0180054
21-05-2015,235.3439941
22-05-2015,240.3480072
23-05-2015,238.871994
24-05-2015,240.9530029
25-05-2015,237.1100006
26-05-2015,237.1159973
27-05-2015,237.2830048
28-05-2015,237.4080048
29-05-2015,237.095993
30-05-2015,233.3450012
31-05-2015,230.1900024
01-06-2015,222.9259949
02-06-2015,225.8029938
03-06-2015,225.8739929
04-06-2015,224.3240051
05-06-2015,224.9519958
06-06-2015,225.6190033
07-06-2015,222.8809967
08-06-2015,228.4889984
09-06-2015,229.0480042
10-06-2015,228.8029938
11-06-2015,229.7050018
12-06-2015,229.9819946
13-06-2015,232.4019928
14-06-2015,233.5429993
15-06-2015,236.822998
16-06-2015,250.8950043
17-06-2015,249.2839966
18-06-2015,249.0070038
19-06-2015,244.6060028
20-06-2015,245.2120056
21-06-2015,243.9440002
22-06-2015,246.9900055
23-06-2015,244.2960052
24-06-2015,240.5149994
25-06-2015,242.798996
26-06-2015,243.5939941
27-06-2015,250.9900055
28-06-2015,249.0110016
29-06-2015,257.0639954
30-06-2015,263.071991
01-07-2015,258.6210022
02-07-2015,255.4120026
03-07-2015,256.3359985
04-07-2015,260.8859863
05-07-2015,271.9129944
06-07-2015,269.0299988
07-07-2015,266.2070007
08-07-2015,270.7850037
09-07-2015,269.2279968
10-07-2015,284.8940125
11-07-2015,293.1149902
12-07-2015,310.8670044
13-07-2015,292.0539856
14-07-2015,287.4639893
15-07-2015,285.82901
16-07-2015,278.0889893
17-07-2015,279.4719849
18-07-2015,274.901001
19-07-2015,273.6140137
20-07-2015,278.9809875
21-07-2015,275.8330078
22-07-2015,277.2219849
23-07-2015,276.0490112
24-07-2015,288.2780151
25-07-2015,288.696991
26-07-2015,292.6860046
27-07-2015,293.6239929
28-07-2015,294.427002
29-07-2015,289.5899963
30-07-2015,287.7219849
31-07-2015,284.6499939
01-08-2015,281.6010132
02-08-2015,282.6140137
03-08-2015,281.2269897
04-08-2015,285.2179871
05-08-2015,281.8819885
06-08-2015,278.5769958
07-08-2015,279.5849915
08-08-2015,260.9970093
09-08-2015,265.0830078
10-08-2015,264.4700012
11-08-2015,270.3859863
12-08-2015,266.3760071
13-08-2015,264.0799866
14-08-2015,265.6799927
15-08-2015,261.5509949
16-08-2015,258.5069885
17-08-2015,257.9760132
18-08-2015,211.0789948
19-08-2015,226.6840057
20-08-2015,235.3500061
21-08-2015,232.5690002
22-08-2015,230.3899994
23-08-2015,228.1690063
24-08-2015,210.4949951
25-08-2015,221.6089935
26-08-2015,225.8309937
27-08-2015,224.7689972
28-08-2015,231.3959961
29-08-2015,229.7799988
30-08-2015,228.7610016
31-08-2015,230.0559998
01-09-2015,228.1210022
02-09-2015,229.2839966
03-09-2015,227.1829987
04-09-2015,230.2980042
05-09-2015,235.0189972
06-09-2015,239.8399963
07-09-2015,239.8470001
08-09-2015,243.6069946
09-09-2015,238.1679993
10-09-2015,238.477005
11-09-2015,240.1069946
12-09-2015,235.2290039
13-09-2015,230.5119934
14-09-2015,230.6439972
15-09-2015,230.3040009
16-09-2015,229.0910034
17-09-2015,229.8099976
18-09-2015,232.9750061
19-09-2015,231.4929962
20-09-2015,231.2120056
21-09-2015,227.0850067
22-09-2015,230.6179962
23-09-2015,230.2830048
24-09-2015,234.529007
25-09-2015,235.1439972
26-09-2015,234.3399963
27-09-2015,232.7570038
28-09-2015,239.1419983
29-09-2015,236.6869965
30-09-2015,236.0599976
01-10-2015,237.548996
02-10-2015,237.2929993
03-10-2015,238.7299957
04-10-2015,238.2590027
05-10-2015,240.3829956
06-10-2015,246.0630035
07-10-2015,242.9689941
08-10-2015,242.3040009
09-10-2015,243.9309998
10-10-2015,244.9409943
11-10-2015,247.0500031
12-10-2015,245.3079987
13-10-2015,249.5079956
14-10-2015,251.9889984
15-10-2015,254.3200073
16-10-2015,262.868988
17-10-2015,270.6400146
18-10-2015,261.6430054
19-10-2015,263.4370117
20-10-2015,269.4630127
21-10-2015,266.2720032
22-10-2015,274.0230103
23-10-2015,276.4960022
24-10-2015,281.6539917
25-10-2015,283.6799927
26-10-2015,285.2999878
27-10-2015,293.7879944
28-10-2015,304.6180115
29-10-2015,313.855011
30-10-2015,328.0150146
31-10-2015,314.1659851
01-11-2015,325.4309998
02-11-2015,361.1889954
03-11-2015,403.4169922
04-11-2015,411.5629883
05-11-2015,386.3540039
06-11-2015,374.4700012
07-11-2015,386.4819946
08-11-2015,373.3680115
09-11-2015,380.2569885
10-11-2015,336.8190002
11-11-2015,311.0840149
12-11-2015,338.1520081
13-11-2015,336.7529907
14-11-2015,332.9060059
15-11-2015,320.1659851
16-11-2015,330.7510071
17-11-2015,335.0939941
18-11-2015,334.5899963
19-11-2015,326.1489868
20-11-2015,322.0220032
21-11-2015,326.927002
22-11-2015,324.5360107
23-11-2015,323.04599
24-11-2015,320.04599
25-11-2015,328.2059937
26-11-2015,352.6839905
27-11-2015,358.0419922
28-11-2015,357.381012
29-11-2015,371.2940063
30-11-2015,377.3210144
01-12-2015,362.4880066
02-12-2015,359.1870117
03-12-2015,361.04599
04-12-2015,363.1830139
05-12-2015,388.9490051
06-12-2015,388.7829895
07-12-2015,395.5360107
08-12-2015,415.5629883
09-12-2015,417.5629883
10-12-2015,415.4790039
11-12-2015,451.9379883
12-12-2015,434.9970093
13-12-2015,433.7550049
14-12-2015,444.1820068
15-12-2015,465.3210144
16-12-2015,454.9339905
17-12-2015,456.0780029
18-12-2015,463.6159973
19-12-2015,462.321991
20-12-2015,442.6849976
21-12-2015,438.6390076
22-12-2015,436.571991
23-12-2015,442.401001
24-12-2015,454.9849854
25-12-2015,455.6530151
26-12-2015,417.2739868
27-12-2015,422.822998
28-12-2015,422.2789917
29-12-2015,432.9830017
30-12-2015,426.6199951
31-12-2015,430.5669861
01-01-2016,434.3340149
02-01-2016,433.4379883
03-01-2016,430.0109863
04-01-2016,433.0910034
05-01-2016,431.9599915
06-01-2016,429.105011
07-01-2016,458.0480042
08-01-2016,453.230011
09-01-2016,447.6109924
10-01-2016,447.9909973
11-01-2016,448.428009
12-01-2016,435.6900024
13-01-2016,432.3710022
14-01-2016,430.3059998
15-01-2016,364.3309937
16-01-2016,387.5360107
17-01-2016,382.2990112
18-01-2016,387.1679993
19-01-2016,380.1489868
20-01-2016,420.230011
21-01-2016,410.2619934
22-01-2016,382.4920044
23-01-2016,387.4909973
24-01-2016,402.9710083
25-01-2016,391.7260132
26-01-2016,392.1530151
27-01-2016,394.9719849
28-01-2016,380.2890015
29-01-2016,379.473999
30-01-2016,378.2550049
31-01-2016,368.7669983
01-02-2016,373.0559998
02-02-2016,374.447998
03-02-2016,369.9490051
04-02-2016,389.5939941
05-02-2016,386.5490112
06-02-2016,376.5220032
07-02-2016,376.6199951
08-02-2016,373.446991
09-02-2016,376.0289917
10-02-2016,381.6489868
11-02-2016,379.6539917
12-02-2016,384.2630005
13-02-2016,391.8599854
14-02-2016,407.230011
15-02-2016,400.1849976
16-02-2016,407.4880066
17-02-2016,416.321991
18-02-2016,422.3729858
19-02-2016,420.7850037
20-02-2016,437.1640015
21-02-2016,438.7980042
22-02-2016,437.7479858
23-02-2016,420.7359924
24-02-2016,424.9549866
25-02-2016,424.5440063
26-02-2016,432.1520081
27-02-2016,432.5190125
28-02-2016,433.5039978
29-02-2016,437.696991
01-03-2016,435.1229858
02-03-2016,423.9890137
03-03-2016,421.651001
04-03-2016,410.9389954
05-03-2016,400.5700073
06-03-2016,407.7070007
07-03-2016,414.3210144
08-03-2016,413.9719849
09-03-2016,414.8599854
10-03-2016,417.131012
11-03-2016,421.6900024
12-03-2016,411.6239929
13-03-2016,414.0650024
14-03-2016,416.4379883
15-03-2016,416.8299866
16-03-2016,417.0109863
17-03-2016,420.6210022
18-03-2016,409.5480042
19-03-2016,410.4440002
20-03-2016,413.7550049
21-03-2016,413.3070068
22-03-2016,418.0889893
23-03-2016,418.0409851
24-03-2016,416.3940125
25-03-2016,417.177002
26-03-2016,417.9450073
27-03-2016,426.7650146
28-03-2016,424.2309875
29-03-2016,416.5159912
30-03-2016,414.8160095
31-03-2016,416.7290039
01-04-2016,417.9599915
02-04-2016,420.8729858
03-04-2016,420.9039917
04-04-2016,421.4440002
05-04-2016,424.0299988
06-04-2016,423.4129944
07-04-2016,422.7449951
08-04-2016,420.348999
09-04-2016,419.4110107
10-04-2016,421.5639954
11-04-2016,422.4830017
12-04-2016,425.1900024
13-04-2016,423.7340088
14-04-2016,424.2820129
15-04-2016,429.7130127
16-04-2016,430.571991
17-04-2016,427.3989868
18-04-2016,428.5910034
19-04-2016,435.5090027
20-04-2016,441.3890076
21-04-2016,449.4249878
22-04-2016,445.7369995
23-04-2016,450.2820129
24-04-2016,458.5549927
25-04-2016,461.4259949
26-04-2016,466.0889893
27-04-2016,444.6870117
28-04-2016,449.0109863
29-04-2016,455.0969849
30-04-2016,448.3179932
01-05-2016,451.875
02-05-2016,444.6690063
03-05-2016,450.3039856
04-05-2016,446.7219849
05-05-2016,447.9760132
06-05-2016,459.6029968
07-05-2016,458.5360107
08-05-2016,458.5480042
09-05-2016,460.4830017
10-05-2016,450.894989
11-05-2016,452.7279968
12-05-2016,454.7659912
13-05-2016,455.6700134
14-05-2016,455.67099
15-05-2016,457.5679932
16-05-2016,454.1629944
17-05-2016,453.7829895
18-05-2016,454.618988
19-05-2016,438.7149963
20-05-2016,442.6759949
21-05-2016,443.1879883
22-05-2016,439.322998
23-05-2016,444.1549988
24-05-2016,445.9809875
25-05-2016,449.598999
26-05-2016,453.3840027
27-05-2016,473.4639893
28-05-2016,530.039978
29-05-2016,526.2329712
30-05-2016,533.8640137
31-05-2016,531.3859863
01-06-2016,536.9199829
02-06-2016,537.9719849
03-06-2016,569.1939697
04-06-2016,572.7269897
05-06-2016,574.9769897
06-06-2016,585.5369873
07-06-2016,576.5969849
08-06-2016,581.6450195
09-06-2016,574.6300049
10-06-2016,577.4699707
11-06-2016,606.7269897
12-06-2016,672.7839966
13-06-2016,704.3759766
14-06-2016,685.559021
15-06-2016,694.4689941
16-06-2016,766.3079834
17-06-2016,748.9089966
18-06-2016,756.2269897
19-06-2016,763.7810059
20-06-2016,737.2260132
21-06-2016,666.6519775
22-06-2016,596.1160278
23-06-2016,623.9769897
24-06-2016,665.2990112
25-06-2016,665.1229858
26-06-2016,629.3670044
27-06-2016,655.2750244
28-06-2016,647.0009766
29-06-2016,639.8900146
30-06-2016,673.3369751
01-07-2016,676.2960205
02-07-2016,703.7020264
03-07-2016,658.6640015
04-07-2016,683.6619873
05-07-2016,670.6270142
06-07-2016,677.3309937
07-07-2016,640.5620117
08-07-2016,666.5230103
09-07-2016,650.960022
10-07-2016,649.3599854
11-07-2016,647.6589966
12-07-2016,664.5510254
13-07-2016,654.4680176
14-07-2016,658.0780029
15-07-2016,663.2550049
16-07-2016,660.7670288
17-07-2016,679.4589844
18-07-2016,673.1060181
19-07-2016,672.8640137
20-07-2016,665.6849976
21-07-2016,665.0120239
22-07-2016,650.6190186
23-07-2016,655.5560303
24-07-2016,661.2849731
25-07-2016,654.0969849
26-07-2016,651.7839966
27-07-2016,654.3519897
28-07-2016,655.0349731
29-07-2016,656.9920044
30-07-2016,655.0469971
31-07-2016,624.6810303
01-08-2016,606.2719727
02-08-2016,547.4650269
03-08-2016,566.3549805
04-08-2016,578.2890015
05-08-2016,575.0430298
06-08-2016,587.7780151
07-08-2016,592.6900024
08-08-2016,591.0540161
09-08-2016,587.8010254
10-08-2016,592.1030273
11-08-2016,589.1199951
12-08-2016,587.559021
13-08-2016,585.5880127
14-08-2016,570.4730225
15-08-2016,567.2399902
16-08-2016,577.4390259
17-08-2016,573.2160034
18-08-2016,574.3179932
19-08-2016,575.6300049
20-08-2016,581.6970215
21-08-2016,581.3079834
22-08-2016,586.7529907
23-08-2016,583.414978
24-08-2016,580.1820068
25-08-2016,577.7609863
26-08-2016,579.651001
27-08-2016,569.9470215
28-08-2016,573.9119873
29-08-2016,574.1069946
30-08-2016,577.5029907
31-08-2016,575.4719849
01-09-2016,572.3029785
02-09-2016,575.5369873
03-09-2016,598.2119751
04-09-2016,608.6339722
05-09-2016,606.5900269
06-09-2016,610.4359741
07-09-2016,614.5440063
08-09-2016,626.315979
09-09-2016,622.8610229
10-09-2016,623.5089722
11-09-2016,606.7189941
12-09-2016,608.242981
13-09-2016,609.2410278
14-09-2016,610.684021
15-09-2016,607.1550293
16-09-2016,606.9730225
17-09-2016,605.9840088
18-09-2016,609.8740234
19-09-2016,609.2269897
20-09-2016,608.3120117
21-09-2016,597.1489868
22-09-2016,596.2979736
23-09-2016,602.84198
24-09-2016,602.625
25-09-2016,600.8259888
26-09-2016,608.0430298
27-09-2016,606.1660156
28-09-2016,604.7280273
29-09-2016,605.6929932
30-09-2016,609.7349854
01-10-2016,613.9829712
02-10-2016,610.8920288
03-10-2016,612.1329956
04-10-2016,610.2039795
05-10-2016,612.5109863
06-10-2016,613.0209961
07-10-2016,617.1209717
08-10-2016,619.1079712
09-10-2016,616.7520142
10-10-2016,618.9940186
11-10-2016,641.0720215
12-10-2016,636.1920166
13-10-2016,636.7860107
14-10-2016,640.3779907
15-10-2016,638.6459961
16-10-2016,641.6309814
17-10-2016,639.1929932
18-10-2016,637.960022
19-10-2016,630.5200195
20-10-2016,630.8569946
21-10-2016,632.8280029
22-10-2016,657.2940063
23-10-2016,657.0709839
24-10-2016,653.7609863
25-10-2016,657.5880127
26-10-2016,678.3040161
27-10-2016,688.3129883
28-10-2016,689.651001
29-10-2016,714.4790039
30-10-2016,701.8640137
31-10-2016,700.9719849
01-11-2016,729.7930298
02-11-2016,740.8289795
03-11-2016,688.7000122
04-11-2016,703.2349854
05-11-2016,703.4180298
06-11-2016,711.5219727
07-11-2016,703.1309814
08-11-2016,709.8480225
09-11-2016,723.2730103
10-11-2016,715.5339966
11-11-2016,716.4110107
12-11-2016,705.0540161
13-11-2016,702.0310059
14-11-2016,705.0209961
15-11-2016,711.6190186
16-11-2016,744.197998
17-11-2016,740.9769897
18-11-2016,751.585022
19-11-2016,751.6160278
20-11-2016,731.026001
21-11-2016,739.2479858
22-11-2016,751.3469849
23-11-2016,744.5939941
24-11-2016,740.2890015
25-11-2016,741.6489868
26-11-2016,735.382019
27-11-2016,732.0349731
28-11-2016,735.8129883
29-11-2016,735.6040039
30-11-2016,745.690979
01-12-2016,756.7739868
02-12-2016,777.9439697
03-12-2016,771.1550293
04-12-2016,773.8720093
05-12-2016,758.7000122
06-12-2016,764.223999
07-12-2016,768.132019
08-12-2016,770.8099976
09-12-2016,772.7940063
10-12-2016,774.6500244
11-12-2016,769.7310181
12-12-2016,780.0869751
13-12-2016,780.5560303
14-12-2016,781.4810181
15-12-2016,778.0880127
16-12-2016,784.9069824
17-12-2016,790.8289795
18-12-2016,790.5300293
19-12-2016,792.7139893
20-12-2016,800.8759766
21-12-2016,834.2810059
22-12-2016,864.539978
23-12-2016,921.9840088
24-12-2016,898.8220215
25-12-2016,896.1829834
26-12-2016,907.6099854
27-12-2016,933.197998
28-12-2016,975.9210205
29-12-2016,973.4970093
30-12-2016,961.2379761
31-12-2016,963.742981
01-01-2017,998.3250122
02-01-2017,1021.75
03-01-2017,1043.839966
04-01-2017,1154.72998
05-01-2017,1013.380005
06-01-2017,902.2009888
07-01-2017,908.585022
08-01-2017,911.1989746
09-01-2017,902.8280029
10-01-2017,907.6790161
11-01-2017,777.757019
12-01-2017,804.8339844
13-01-2017,823.9840088
14-01-2017,818.4119873
15-01-2017,821.7979736
16-01-2017,831.5339966
17-01-2017,907.9379883
18-01-2017,886.617981
19-01-2017,899.072998
20-01-2017,895.026001
21-01-2017,921.7890015
22-01-2017,924.6729736
23-01-2017,921.0120239
24-01-2017,892.6870117
25-01-2017,901.5419922
26-01-2017,917.5859985
27-01-2017,919.75
28-01-2017,921.5900269
29-01-2017,919.4959717
30-01-2017,920.382019
31-01-2017,970.4030151
01-02-2017,989.0230103
02-02-2017,1011.799988
03-02-2017,1029.910034
04-02-2017,1042.900024
05-02-2017,1027.339966
06-02-2017,1038.150024
07-02-2017,1061.349976
08-02-2017,1063.069946
09-02-2017,994.3829956
10-02-2017,988.6740112
11-02-2017,1004.450012
12-02-2017,999.1810303
13-02-2017,990.6420288
14-02-2017,1004.549988
15-02-2017,1007.47998
16-02-2017,1027.439941
17-02-2017,1046.209961
18-02-2017,1054.420044
19-02-2017,1047.869995
20-02-2017,1079.97998
21-02-2017,1115.300049
22-02-2017,1117.439941
23-02-2017,1166.719971
24-02-2017,1173.680054
25-02-2017,1143.839966
26-02-2017,1165.199951
27-02-2017,1179.969971
28-02-2017,1179.969971
01-03-2017,1222.5
02-03-2017,1251.01001
03-03-2017,1274.98999
04-03-2017,1255.150024
05-03-2017,1267.119995
06-03-2017,1272.829956
07-03-2017,1223.540039
08-03-2017,1150
09-03-2017,1188.48999
10-03-2017,1116.719971
11-03-2017,1175.829956
12-03-2017,1221.380005
13-03-2017,1231.920044
14-03-2017,1240
15-03-2017,1249.609985
16-03-2017,1187.810059
17-03-2017,1100.22998
18-03-2017,973.8179932
19-03-2017,1036.73999
20-03-2017,1054.22998
21-03-2017,1120.540039
22-03-2017,1049.140015
23-03-2017,1038.589966
24-03-2017,937.5200195
25-03-2017,972.7789917
26-03-2017,966.7249756
27-03-2017,1045.77002
28-03-2017,1047.150024
29-03-2017,1039.969971
30-03-2017,1026.430054
31-03-2017,1071.790039
01-04-2017,1080.5
02-04-2017,1102.170044
03-04-2017,1143.810059
04-04-2017,1133.25
05-04-2017,1124.780029
06-04-2017,1182.680054
07-04-2017,1176.900024
08-04-2017,1175.949951
09-04-2017,1187.869995
10-04-2017,1187.130005
11-04-2017,1205.01001
12-04-2017,1200.369995
13-04-2017,1169.280029
14-04-2017,1167.540039
15-04-2017,1172.52002
16-04-2017,1182.939941
17-04-2017,1193.910034
18-04-2017,1211.670044
19-04-2017,1210.290039
20-04-2017,1229.079956
21-04-2017,1222.050049
22-04-2017,1231.709961
23-04-2017,1207.209961
24-04-2017,1250.150024
25-04-2017,1265.48999
26-04-2017,1281.079956
27-04-2017,1317.72998
28-04-2017,1316.47998
29-04-2017,1321.790039
30-04-2017,1347.890015
01-05-2017,1421.599976
02-05-2017,1452.819946
03-05-2017,1490.089966
04-05-2017,1537.670044
05-05-2017,1555.449951
06-05-2017,1578.800049
07-05-2017,1596.709961
08-05-2017,1723.349976
09-05-2017,1755.359985
10-05-2017,1787.130005
11-05-2017,1848.569946
12-05-2017,1724.23999
13-05-2017,1804.910034
14-05-2017,1808.910034
15-05-2017,1738.430054
16-05-2017,1734.449951
17-05-2017,1839.089966
18-05-2017,1888.650024
19-05-2017,1987.709961
20-05-2017,2084.72998
21-05-2017,2041.199951
22-05-2017,2173.399902
23-05-2017,2320.419922
24-05-2017,2443.639893
25-05-2017,2304.97998
26-05-2017,2202.419922
27-05-2017,2038.869995
28-05-2017,2155.800049
29-05-2017,2255.610107
30-05-2017,2175.469971
31-05-2017,2286.409912
01-06-2017,2407.879883
02-06-2017,2488.550049
03-06-2017,2515.350098
04-06-2017,2511.810059
05-06-2017,2686.810059
06-06-2017,2863.199951
07-06-2017,2732.159912
08-06-2017,2805.620117
09-06-2017,2823.810059
10-06-2017,2947.709961
11-06-2017,2958.110107
12-06-2017,2659.629883
13-06-2017,2717.02002
14-06-2017,2506.370117
15-06-2017,2464.580078
16-06-2017,2518.560059
17-06-2017,2655.879883
18-06-2017,2548.290039
19-06-2017,2589.600098
20-06-2017,2721.790039
21-06-2017,2689.100098
22-06-2017,2705.409912
23-06-2017,2744.909912
24-06-2017,2608.719971
25-06-2017,2589.409912
26-06-2017,2478.449951
27-06-2017,2552.449951
28-06-2017,2574.790039
29-06-2017,2539.320068
30-06-2017,2480.840088
01-07-2017,2434.550049
02-07-2017,2506.469971
03-07-2017,2564.060059
04-07-2017,2601.639893
05-07-2017,2601.98999
06-07-2017,2608.560059
07-07-2017,2518.659912
08-07-2017,2571.340088
09-07-2017,2518.439941
10-07-2017,2372.560059
11-07-2017,2337.790039
12-07-2017,2398.840088
13-07-2017,2357.899902
14-07-2017,2233.340088
15-07-2017,1998.859985
16-07-2017,1929.819946
17-07-2017,2228.409912
18-07-2017,2318.879883
19-07-2017,2273.429932
20-07-2017,2817.600098
21-07-2017,2667.76001
22-07-2017,2810.120117
23-07-2017,2730.399902
24-07-2017,2754.860107
25-07-2017,2576.47998
26-07-2017,2529.449951
27-07-2017,2671.780029
28-07-2017,2809.01001
29-07-2017,2726.449951
30-07-2017,2757.179932
31-07-2017,2875.340088
01-08-2017,2718.26001
02-08-2017,2710.669922
03-08-2017,2804.72998
04-08-2017,2895.889893
05-08-2017,3252.909912
06-08-2017,3213.939941
07-08-2017,3378.939941
08-08-2017,3419.939941
09-08-2017,3342.469971
10-08-2017,3381.280029
11-08-2017,3650.620117
12-08-2017,3884.709961
13-08-2017,4073.26001
14-08-2017,4325.129883
15-08-2017,4181.930176
16-08-2017,4376.629883
17-08-2017,4331.689941
18-08-2017,4160.620117
19-08-2017,4193.700195
20-08-2017,4087.659912
21-08-2017,4001.73999
22-08-2017,4100.52002
23-08-2017,4151.52002
24-08-2017,4334.680176
25-08-2017,4371.600098
26-08-2017,4352.399902
27-08-2017,4382.879883
28-08-2017,4382.660156
29-08-2017,4579.02002
30-08-2017,4565.299805
31-08-2017,4703.390137
01-09-2017,4892.009766
02-09-2017,4578.77002
03-09-2017,4582.959961
04-09-2017,4236.310059
05-09-2017,4376.529785
06-09-2017,4597.120117
07-09-2017,4599.879883
08-09-2017,4228.75
09-09-2017,4226.060059
10-09-2017,4122.939941
11-09-2017,4161.27002
12-09-2017,4130.810059
13-09-2017,3882.590088
14-09-2017,3154.949951
15-09-2017,3637.52002
16-09-2017,3625.040039
17-09-2017,3582.879883
18-09-2017,4065.199951
19-09-2017,3924.969971
20-09-2017,3905.949951
21-09-2017,3631.040039
22-09-2017,3630.699951
23-09-2017,3792.399902
24-09-2017,3682.840088
25-09-2017,3926.070068
26-09-2017,3892.350098
27-09-2017,4200.669922
28-09-2017,4174.72998
29-09-2017,4163.069824
30-09-2017,4338.709961
01-10-2017,4403.740234
02-10-2017,4409.319824
03-10-2017,4317.47998
04-10-2017,4229.359863
05-10-2017,4328.410156
06-10-2017,4370.810059
07-10-2017,4426.890137
08-10-2017,4610.47998
09-10-2017,4772.02002
10-10-2017,4781.990234
11-10-2017,4826.47998
12-10-2017,5446.910156
13-10-2017,5647.209961
14-10-2017,5831.790039
15-10-2017,5678.189941
16-10-2017,5725.589844
17-10-2017,5605.509766
18-10-2017,5590.689941
19-10-2017,5708.52002
20-10-2017,6011.450195
21-10-2017,6031.600098
22-10-2017,6008.419922
23-10-2017,5930.319824
24-10-2017,5526.640137
25-10-2017,5750.799805
26-10-2017,5904.830078
27-10-2017,5780.899902
28-10-2017,5753.089844
29-10-2017,6153.850098
30-10-2017,6130.529785
31-10-2017,6468.399902
01-11-2017,6767.310059
02-11-2017,7078.5
03-11-2017,7207.759766
04-11-2017,7379.950195
05-11-2017,7407.410156
06-11-2017,7022.759766
07-11-2017,7144.379883
08-11-2017,7459.689941
09-11-2017,7143.580078
10-11-2017,6618.140137
11-11-2017,6357.600098
12-11-2017,5950.069824
13-11-2017,6559.490234
14-11-2017,6635.75
15-11-2017,7315.540039
16-11-2017,7871.689941
17-11-2017,7708.990234
18-11-2017,7790.149902
19-11-2017,8036.490234
20-11-2017,8200.639648
21-11-2017,8071.259766
22-11-2017,8253.549805
23-11-2017,8038.77002
24-11-2017,8253.69043
25-11-2017,8790.919922
26-11-2017,9330.549805
27-11-2017,9818.349609
28-11-2017,10058.7998
29-11-2017,9888.610352
30-11-2017,10233.59961
01-12-2017,10975.59961
02-12-2017,11074.59961
03-12-2017,11323.2002
04-12-2017,11657.2002
05-12-2017,11916.7002
06-12-2017,14291.5
07-12-2017,17899.69922
08-12-2017,16569.40039
09-12-2017,15178.2002
10-12-2017,15455.40039
11-12-2017,16936.80078
12-12-2017,17415.40039
13-12-2017,16408.19922
14-12-2017,16564
15-12-2017,17706.90039
16-12-2017,19497.40039
17-12-2017,19140.80078
18-12-2017,19114.19922
19-12-2017,17776.69922
20-12-2017,16624.59961
21-12-2017,15802.90039
22-12-2017,13831.7998
23-12-2017,14699.2002
24-12-2017,13925.7998
25-12-2017,14026.59961
26-12-2017,16099.7998
27-12-2017,15838.5
28-12-2017,14606.5
29-12-2017,14656.2002
30-12-2017,12952.2002
31-12-2017,14156.40039
01-01-2018,13657.2002
02-01-2018,14982.09961
03-01-2018,15201
04-01-2018,15599.2002
05-01-2018,17429.5
06-01-2018,17527
07-01-2018,16477.59961
08-01-2018,15170.09961
09-01-2018,14595.40039
10-01-2018,14973.2998
11-01-2018,13405.7998
12-01-2018,13980.59961
13-01-2018,14360.2002
14-01-2018,13772
15-01-2018,13819.7998
16-01-2018,11490.5
17-01-2018,11188.59961
18-01-2018,11474.90039
19-01-2018,11607.40039
20-01-2018,12899.2002
21-01-2018,11600.09961
22-01-2018,10931.40039
23-01-2018,10868.40039
24-01-2018,11359.40039
25-01-2018,11259.40039
26-01-2018,11171.40039
27-01-2018,11440.7002
28-01-2018,11786.2998
29-01-2018,11296.40039
30-01-2018,10106.2998
31-01-2018,10221.09961
01-02-2018,9170.540039
02-02-2018,8830.75
03-02-2018,9174.910156
04-02-2018,8277.009766
05-02-2018,6955.27002
06-02-2018,7754
07-02-2018,7621.299805
08-02-2018,8265.589844
09-02-2018,8736.980469
10-02-2018,8621.900391
11-02-2018,8129.970215
12-02-2018,8926.570313
13-02-2018,8598.30957
14-02-2018,9494.629883
15-02-2018,10166.40039
16-02-2018,10233.90039
17-02-2018,11112.7002
18-02-2018,10551.7998
19-02-2018,11225.2998
20-02-2018,11403.7002
21-02-2018,10690.40039
22-02-2018,10005
23-02-2018,10301.09961
24-02-2018,9813.070313
25-02-2018,9664.730469
26-02-2018,10366.7002
27-02-2018,10725.59961
28-02-2018,10397.90039
01-03-2018,10951
02-03-2018,11086.40039
03-03-2018,11489.7002
04-03-2018,11512.59961
05-03-2018,11573.2998
06-03-2018,10779.90039
07-03-2018,9965.570313
08-03-2018,9395.009766
09-03-2018,9337.549805
10-03-2018,8866
11-03-2018,9578.629883
12-03-2018,9205.120117
13-03-2018,9194.849609
14-03-2018,8269.80957
15-03-2018,8300.860352
16-03-2018,8338.349609
17-03-2018,7916.879883
18-03-2018,8223.679688
19-03-2018,8630.650391
20-03-2018,8913.469727
21-03-2018,8929.280273
22-03-2018,8728.469727
23-03-2018,8879.620117
24-03-2018,8668.120117
25-03-2018,8495.780273
26-03-2018,8209.400391
27-03-2018,7833.040039
28-03-2018,7954.47998
29-03-2018,7165.700195
30-03-2018,6890.52002
31-03-2018,6973.529785
01-04-2018,6844.22998
02-04-2018,7083.799805
03-04-2018,7456.109863
04-04-2018,6853.839844
05-04-2018,6811.470215
06-04-2018,6636.319824
07-04-2018,6911.089844
08-04-2018,7023.52002
09-04-2018,6770.72998
10-04-2018,6834.759766
11-04-2018,6968.319824
12-04-2018,7889.25
13-04-2018,7895.959961
14-04-2018,7986.240234
15-04-2018,8329.110352
16-04-2018,8058.669922
17-04-2018,7902.089844
18-04-2018,8163.419922
19-04-2018,8294.30957
20-04-2018,8845.830078
21-04-2018,8895.580078
22-04-2018,8802.459961
23-04-2018,8930.879883
24-04-2018,9697.5
25-04-2018,8845.740234
26-04-2018,9281.509766
27-04-2018,8987.049805
28-04-2018,9348.480469
29-04-2018,9419.080078
30-04-2018,9240.549805
01-05-2018,9119.009766
02-05-2018,9235.919922
03-05-2018,9743.860352
04-05-2018,9700.759766
05-05-2018,9858.150391
06-05-2018,9654.799805
07-05-2018,9373.009766
08-05-2018,9234.820313
09-05-2018,9325.179688
10-05-2018,9043.94043
11-05-2018,8441.490234
12-05-2018,8504.889648
13-05-2018,8723.94043
14-05-2018,8716.790039
15-05-2018,8510.379883
16-05-2018,8368.830078
17-05-2018,8094.319824
18-05-2018,8250.969727
19-05-2018,8247.179688
20-05-2018,8513.25
21-05-2018,8418.990234
22-05-2018,8041.779785
23-05-2018,7557.819824
24-05-2018,7587.339844
25-05-2018,7480.140137
26-05-2018,7355.879883
27-05-2018,7368.220215
28-05-2018,7135.990234
29-05-2018,7472.589844
30-05-2018,7406.52002
31-05-2018,7494.169922
01-06-2018,7541.450195
02-06-2018,7643.450195
03-06-2018,7720.25
04-06-2018,7514.470215
05-06-2018,7633.759766
06-06-2018,7653.97998
07-06-2018,7678.240234
08-06-2018,7624.919922
09-06-2018,7531.97998
10-06-2018,6786.02002
11-06-2018,6906.919922
12-06-2018,6582.359863
13-06-2018,6349.899902
14-06-2018,6675.350098
15-06-2018,6456.580078
16-06-2018,6550.160156
17-06-2018,6499.27002
18-06-2018,6734.819824
19-06-2018,6769.939941
20-06-2018,6776.549805
21-06-2018,6729.740234
22-06-2018,6083.689941
23-06-2018,6162.47998
24-06-2018,6173.22998
25-06-2018,6249.180176
26-06-2018,6093.669922
27-06-2018,6157.129883
28-06-2018,5903.439941
29-06-2018,6218.299805
30-06-2018,6404
01-07-2018,6385.819824
02-07-2018,6614.180176
03-07-2018,6529.589844
04-07-2018,6597.549805
05-07-2018,6639.140137
06-07-2018,6673.5
07-07-2018,6856.930176
08-07-2018,6773.879883
09-07-2018,6741.75
10-07-2018,6329.950195
11-07-2018,6394.709961
12-07-2018,6228.810059
13-07-2018,6238.049805
14-07-2018,6276.120117
15-07-2018,6359.640137
16-07-2018,6741.75
17-07-2018,7321.040039
18-07-2018,7370.779785
19-07-2018,7466.859863
20-07-2018,7354.129883
21-07-2018,7419.290039
22-07-2018,7418.490234
23-07-2018,7711.109863
24-07-2018,8424.269531
25-07-2018,8181.390137
26-07-2018,7951.580078
27-07-2018,8165.009766
28-07-2018,8192.150391
29-07-2018,8218.459961
30-07-2018,8180.47998
31-07-2018,7780.439941
01-08-2018,7624.910156
02-08-2018,7567.149902
03-08-2018,7434.390137
04-08-2018,7032.850098
05-08-2018,7068.47998
06-08-2018,6951.799805
07-08-2018,6753.120117
08-08-2018,6305.799805
09-08-2018,6568.22998
10-08-2018,6184.709961
11-08-2018,6295.72998
12-08-2018,6322.689941
13-08-2018,6297.569824
14-08-2018,6199.709961
15-08-2018,6308.52002
16-08-2018,6334.72998
17-08-2018,6580.629883
18-08-2018,6423.759766
19-08-2018,6506.069824
20-08-2018,6308.529785
21-08-2018,6488.759766
22-08-2018,6376.709961
23-08-2018,6534.879883
24-08-2018,6719.959961
25-08-2018,6763.189941
26-08-2018,6707.259766
27-08-2018,6884.640137
28-08-2018,7096.279785
29-08-2018,7047.160156
30-08-2018,6978.22998
31-08-2018,7037.580078
01-09-2018,7193.25
02-09-2018,7272.720215
03-09-2018,7260.060059
04-09-2018,7361.660156
05-09-2018,6792.830078
06-09-2018,6529.169922
07-09-2018,6467.069824
08-09-2018,6225.97998
09-09-2018,6300.859863
10-09-2018,6329.700195
11-09-2018,6321.200195
12-09-2018,6351.799805
13-09-2018,6517.310059
14-09-2018,6512.709961
15-09-2018,6543.200195
16-09-2018,6517.180176
17-09-2018,6281.200195
18-09-2018,6371.299805
19-09-2018,6398.540039
20-09-2018,6519.669922
21-09-2018,6734.950195
22-09-2018,6721.97998
23-09-2018,6710.629883
24-09-2018,6595.410156
25-09-2018,6446.470215
26-09-2018,6495
27-09-2018,6676.75
28-09-2018,6644.129883
29-09-2018,6601.959961
30-09-2018,6625.560059
01-10-2018,6589.620117
02-10-2018,6556.100098
03-10-2018,6502.589844
04-10-2018,6576.689941
05-10-2018,6622.47998
06-10-2018,6588.310059
07-10-2018,6602.950195
08-10-2018,6652.22998
09-10-2018,6642.640137
10-10-2018,6585.529785
11-10-2018,6256.240234
12-10-2018,6274.580078
13-10-2018,6285.990234
14-10-2018,6290.930176
15-10-2018,6596.540039
16-10-2018,6596.109863
17-10-2018,6544.430176
18-10-2018,6476.709961
19-10-2018,6465.410156
20-10-2018,6489.189941
21-10-2018,6482.350098
22-10-2018,6487.160156
23-10-2018,6475.740234
24-10-2018,6495.839844
25-10-2018,6476.290039
26-10-2018,6474.75
27-10-2018,6480.379883
28-10-2018,6486.390137
29-10-2018,6332.629883
30-10-2018,6334.27002
31-10-2018,6317.609863
01-11-2018,6377.779785
02-11-2018,6388.439941
03-11-2018,6361.259766
04-11-2018,6376.129883
05-11-2018,6419.660156
06-11-2018,6461.009766
07-11-2018,6530.140137
08-11-2018,6453.720215
09-11-2018,6385.620117
10-11-2018,6409.220215
11-11-2018,6411.27002
12-11-2018,6371.27002
13-11-2018,6359.490234
14-11-2018,5738.350098
15-11-2018,5648.029785
16-11-2018,5575.549805
17-11-2018,5554.330078
18-11-2018,5623.540039
19-11-2018,4871.490234
20-11-2018,4451.870117
21-11-2018,4602.169922
22-11-2018,4365.939941
23-11-2018,4347.109863
24-11-2018,3880.76001
25-11-2018,4009.969971
26-11-2018,3779.129883
27-11-2018,3820.719971
28-11-2018,4257.419922
29-11-2018,4278.84668
30-11-2018,4017.268555
01-12-2018,4214.671875
02-12-2018,4139.87793
03-12-2018,3894.130859
04-12-2018,3956.893799
05-12-2018,3753.994873
06-12-2018,3521.101807
07-12-2018,3419.937256
08-12-2018,3476.114746
09-12-2018,3614.234375
10-12-2018,3502.656006
11-12-2018,3424.588135
12-12-2018,3486.950195
13-12-2018,3313.677246
14-12-2018,3242.484863
15-12-2018,3236.761719
16-12-2018,3252.839111
17-12-2018,3545.864746
18-12-2018,3696.059082
19-12-2018,3745.950684
20-12-2018,4134.441406
21-12-2018,3896.543701
22-12-2018,4014.182617
23-12-2018,3998.980225
24-12-2018,4078.599121
25-12-2018,3815.490723
26-12-2018,3857.297607
27-12-2018,3654.833496
28-12-2018,3923.918701
29-12-2018,3820.408691
30-12-2018,3865.952637
31-12-2018,3742.700439
01-01-2019,3843.52002
02-01-2019,3943.409424
03-01-2019,3836.741211
04-01-2019,3857.717529
05-01-2019,3845.19458
06-01-2019,4076.632568
07-01-2019,4025.248291
08-01-2019,4030.8479
09-01-2019,4035.296387
10-01-2019,3678.924561
11-01-2019,3687.365479
12-01-2019,3661.301025
13-01-2019,3552.953125
14-01-2019,3706.052246
15-01-2019,3630.675293
16-01-2019,3655.006836
17-01-2019,3678.563965
18-01-2019,3657.839355
19-01-2019,3728.568359
20-01-2019,3601.013672
21-01-2019,3576.032471
22-01-2019,3604.577148
23-01-2019,3585.123047
24-01-2019,3600.865479
25-01-2019,3599.765869
26-01-2019,3602.460449
27-01-2019,3583.96582
28-01-2019,3470.450439
29-01-2019,3448.116943
30-01-2019,3486.181641
31-01-2019,3457.792725
01-02-2019,3487.945313
02-02-2019,3521.060791
03-02-2019,3464.013428
04-02-2019,3459.154053
05-02-2019,3466.357422
06-02-2019,3413.767822
07-02-2019,3399.47168
08-02-2019,3666.780273
09-02-2019,3671.203613
10-02-2019,3690.188232
11-02-2019,3648.430664
12-02-2019,3653.528564
13-02-2019,3632.070557
14-02-2019,3616.880859
15-02-2019,3620.810791
16-02-2019,3629.787598
17-02-2019,3673.836182
18-02-2019,3915.714355
19-02-2019,3947.094482
20-02-2019,3999.820557
21-02-2019,3954.118164
22-02-2019,4005.526611
23-02-2019,4142.526855
24-02-2019,3810.42749
25-02-2019,3882.696289
26-02-2019,3854.35791
27-02-2019,3851.047363
28-02-2019,3854.7854
01-03-2019,3859.58374
02-03-2019,3864.415039
03-03-2019,3847.175781
04-03-2019,3761.557129
05-03-2019,3896.375
06-03-2019,3903.942627
07-03-2019,3911.484375
08-03-2019,3901.131592
09-03-2019,3963.313721
10-03-2019,3951.599854
11-03-2019,3905.227295
12-03-2019,3909.15625
13-03-2019,3906.717285
14-03-2019,3924.369141
15-03-2019,3960.911133
16-03-2019,4048.72583
17-03-2019,4025.229004
18-03-2019,4032.507324
19-03-2019,4071.190186
20-03-2019,4087.476318
21-03-2019,4029.326904
22-03-2019,4023.968262
23-03-2019,4035.826416
24-03-2019,4022.168213
25-03-2019,3963.070557
26-03-2019,3985.080811
27-03-2019,4087.066162
28-03-2019,4069.107178
29-03-2019,4098.374512
30-03-2019,4106.660156
31-03-2019,4105.404297
01-04-2019,4158.183105
02-04-2019,4879.87793
03-04-2019,4973.021973
04-04-2019,4922.798828
05-04-2019,5036.681152
06-04-2019,5059.817383
07-04-2019,5198.896973
08-04-2019,5289.770996
09-04-2019,5204.958496
10-04-2019,5324.551758
11-04-2019,5064.487793
12-04-2019,5089.539063
13-04-2019,5096.586426
14-04-2019,5167.722168
15-04-2019,5067.108398
16-04-2019,5235.55957
17-04-2019,5251.937988
18-04-2019,5298.385742
19-04-2019,5303.8125
20-04-2019,5337.88623
21-04-2019,5314.53125
22-04-2019,5399.365234
23-04-2019,5572.362305
24-04-2019,5464.866699
25-04-2019,5210.515625
26-04-2019,5279.348145
27-04-2019,5268.291016
28-04-2019,5285.13916
29-04-2019,5247.352539
30-04-2019,5350.726563
01-05-2019,5402.697266
02-05-2019,5505.283691
03-05-2019,5768.289551
04-05-2019,5831.16748
05-05-2019,5795.708496
06-05-2019,5746.807129
07-05-2019,5829.501465
08-05-2019,5982.45752
09-05-2019,6174.528809
10-05-2019,6378.849121
11-05-2019,7204.771484
12-05-2019,6972.371582
13-05-2019,7814.915039
14-05-2019,7994.416016
15-05-2019,8205.167969
16-05-2019,7884.90918
17-05-2019,7343.895508
18-05-2019,7271.208008
19-05-2019,8197.689453
20-05-2019,7978.309082
21-05-2019,7963.327637
22-05-2019,7680.066406
23-05-2019,7881.84668
24-05-2019,7987.371582
25-05-2019,8052.543945
26-05-2019,8673.21582
27-05-2019,8805.77832
28-05-2019,8719.961914
29-05-2019,8659.487305
30-05-2019,8319.472656
31-05-2019,8574.501953
01-06-2019,8564.016602
02-06-2019,8742.958008
03-06-2019,8208.995117
04-06-2019,7707.770996
05-06-2019,7824.231445
06-06-2019,7822.023438
07-06-2019,8043.951172
08-06-2019,7954.12793
09-06-2019,7688.077148
10-06-2019,8000.32959
11-06-2019,7927.714355
12-06-2019,8145.857422
13-06-2019,8230.923828
14-06-2019,8693.833008
15-06-2019,8838.375
16-06-2019,8994.488281
17-06-2019,9320.352539
18-06-2019,9081.762695
19-06-2019,9273.521484
20-06-2019,9527.160156
21-06-2019,10144.55664
22-06-2019,10701.69141
23-06-2019,10855.37109
24-06-2019,11011.10254
25-06-2019,11790.91699
26-06-2019,13016.23145
27-06-2019,11182.80664
28-06-2019,12407.33203
29-06-2019,11959.37109
30-06-2019,10817.15527
01-07-2019,10583.13477
02-07-2019,10801.67773
03-07-2019,11961.26953
04-07-2019,11215.4375
05-07-2019,10978.45996
06-07-2019,11208.55078
07-07-2019,11450.84668
08-07-2019,12285.95801
09-07-2019,12573.8125
10-07-2019,12156.5127
11-07-2019,11358.66211
12-07-2019,11815.98633
13-07-2019,11392.37891
14-07-2019,10256.05859
15-07-2019,10895.08984
16-07-2019,9477.641602
17-07-2019,9693.802734
18-07-2019,10666.48242
19-07-2019,10530.73242
20-07-2019,10767.13965
21-07-2019,10599.10547
22-07-2019,10343.10645
23-07-2019,9900.767578
24-07-2019,9811.925781
25-07-2019,9911.841797
26-07-2019,9870.303711
27-07-2019,9477.677734
28-07-2019,9552.860352
29-07-2019,9519.145508
30-07-2019,9607.423828
31-07-2019,10085.62793
01-08-2019,10399.66895
02-08-2019,10518.1748
03-08-2019,10821.72656
04-08-2019,10970.18457
05-08-2019,11805.65332
06-08-2019,11478.16895
07-08-2019,11941.96875
08-08-2019,11966.40723
09-08-2019,11862.93652
10-08-2019,11354.02441
11-08-2019,11523.5791
12-08-2019,11382.61621
13-08-2019,10895.83008
14-08-2019,10051.7041
15-08-2019,10311.5459
16-08-2019,10374.33887
17-08-2019,10231.74414
18-08-2019,10345.81055
19-08-2019,10916.05371
20-08-2019,10763.23242
21-08-2019,10138.0498
22-08-2019,10131.05566
23-08-2019,10407.96484
24-08-2019,10159.96094
25-08-2019,10138.51758
26-08-2019,10370.82031
27-08-2019,10185.5
28-08-2019,9754.422852
29-08-2019,9510.200195
30-08-2019,9598.173828
31-08-2019,9630.664063
01-09-2019,9757.970703
02-09-2019,10346.76074
03-09-2019,10623.54004
04-09-2019,10594.49316
05-09-2019,10575.5332
06-09-2019,10353.30273
07-09-2019,10517.25488
08-09-2019,10441.27637
09-09-2019,10334.97461
10-09-2019,10115.97559
11-09-2019,10178.37207
12-09-2019,10410.12695
13-09-2019,10360.54688
14-09-2019,10358.04883
15-09-2019,10347.71289
16-09-2019,10276.79395
17-09-2019,10241.27246
18-09-2019,10198.24805
19-09-2019,10266.41504
20-09-2019,10181.6416
21-09-2019,10019.7168
22-09-2019,10070.39258
23-09-2019,9729.324219
24-09-2019,8620.566406
25-09-2019,8486.993164
26-09-2019,8118.967773
27-09-2019,8251.845703
28-09-2019,8245.915039
29-09-2019,8104.185547
30-09-2019,8293.868164
01-10-2019,8343.276367
02-10-2019,8393.041992
03-10-2019,8259.992188
04-10-2019,8205.939453
05-10-2019,8151.500488
06-10-2019,7988.155762
07-10-2019,8245.623047
08-10-2019,8228.783203
09-10-2019,8595.740234
10-10-2019,8586.473633
11-10-2019,8321.756836
12-10-2019,8336.555664
13-10-2019,8321.005859
14-10-2019,8374.686523
15-10-2019,8205.369141
16-10-2019,8047.526855
17-10-2019,8103.911133
18-10-2019,7973.20752
19-10-2019,7988.560547
20-10-2019,8222.078125
21-10-2019,8243.720703
22-10-2019,8078.203125
23-10-2019,7514.671875
24-10-2019,7493.48877
25-10-2019,8660.700195
26-10-2019,9244.972656
27-10-2019,9551.714844
28-10-2019,9256.148438
29-10-2019,9427.6875
30-10-2019,9205.726563
31-10-2019,9199.584961
01-11-2019,9261.104492
02-11-2019,9324.717773
03-11-2019,9235.354492
04-11-2019,9412.612305
05-11-2019,9342.527344
06-11-2019,9360.879883
07-11-2019,9267.561523
08-11-2019,8804.880859
09-11-2019,8813.582031
10-11-2019,9055.526367
11-11-2019,8757.788086
12-11-2019,8815.662109
13-11-2019,8808.262695
14-11-2019,8708.094727
15-11-2019,8491.992188
16-11-2019,8550.760742
17-11-2019,8577.975586
18-11-2019,8309.286133
19-11-2019,8206.145508
20-11-2019,8027.268066
21-11-2019,7642.75
22-11-2019,7296.577637
23-11-2019,7397.796875
24-11-2019,7047.916992
25-11-2019,7146.133789
26-11-2019,7218.371094
27-11-2019,7531.663574
28-11-2019,7463.105957
29-11-2019,7761.243652
30-11-2019,7569.629883
01-12-2019,7424.29248
02-12-2019,7321.988281
03-12-2019,7320.145508
04-12-2019,7252.034668
05-12-2019,7448.307617
06-12-2019,7546.996582
07-12-2019,7556.237793
08-12-2019,7564.345215
09-12-2019,7400.899414
10-12-2019,7278.119629
11-12-2019,7217.427246
12-12-2019,7243.134277
13-12-2019,7269.68457
14-12-2019,7124.673828
15-12-2019,7152.301758
16-12-2019,6932.480469
17-12-2019,6640.515137
18-12-2019,7276.802734
19-12-2019,7202.844238
20-12-2019,7218.816406
21-12-2019,7191.158691
22-12-2019,7511.588867
23-12-2019,7355.628418
24-12-2019,7322.532227
25-12-2019,7275.155762
26-12-2019,7238.966797
27-12-2019,7290.088379
28-12-2019,7317.990234
29-12-2019,7422.652832
30-12-2019,7292.995117
31-12-2019,7193.599121
01-01-2020,7200.174316
02-01-2020,6985.470215
03-01-2020,7344.884277
04-01-2020,7410.656738
05-01-2020,7411.317383
06-01-2020,7769.219238
07-01-2020,8163.692383
08-01-2020,8079.862793
09-01-2020,7879.071289
10-01-2020,8166.554199
11-01-2020,8037.537598
12-01-2020,8192.494141
13-01-2020,8144.194336
14-01-2020,8827.764648
15-01-2020,8807.010742
16-01-2020,8723.786133
17-01-2020,8929.038086
18-01-2020,8942.808594
19-01-2020,8706.245117
20-01-2020,8657.642578
21-01-2020,8745.894531
22-01-2020,8680.875977
23-01-2020,8406.515625
24-01-2020,8445.43457
25-01-2020,8367.847656
26-01-2020,8596.830078
27-01-2020,8909.819336
28-01-2020,9358.589844
29-01-2020,9316.629883
30-01-2020,9508.993164
31-01-2020,9350.529297
01-02-2020,9392.875
02-02-2020,9344.365234
03-02-2020,9293.521484
04-02-2020,9180.962891
05-02-2020,9613.423828
06-02-2020,9729.801758
07-02-2020,9795.943359
08-02-2020,9865.119141
09-02-2020,10116.67383
10-02-2020,9856.611328
11-02-2020,10208.23633
12-02-2020,10326.05469
13-02-2020,10214.37988
14-02-2020,10312.11621
15-02-2020,9889.424805
16-02-2020,9934.433594
17-02-2020,9690.142578
18-02-2020,10141.99609
19-02-2020,9633.386719
20-02-2020,9608.475586
21-02-2020,9686.441406
22-02-2020,9663.181641
23-02-2020,9924.515625
24-02-2020,9650.174805
25-02-2020,9341.705078
26-02-2020,8820.522461
27-02-2020,8784.494141
28-02-2020,8672.455078
29-02-2020,8599.508789
01-03-2020,8562.454102
02-03-2020,8869.669922
03-03-2020,8787.786133
04-03-2020,8755.246094
05-03-2020,9078.762695
06-03-2020,9122.545898
07-03-2020,8909.954102
08-03-2020,8108.116211
09-03-2020,7923.644531
10-03-2020,7909.729492
11-03-2020,7911.430176
12-03-2020,4970.788086
13-03-2020,5563.707031
14-03-2020,5200.366211
15-03-2020,5392.314941
16-03-2020,5014.47998
17-03-2020,5225.629395
18-03-2020,5238.438477
19-03-2020,6191.192871
20-03-2020,6198.77832
21-03-2020,6185.066406
22-03-2020,5830.254883
23-03-2020,6416.314941
24-03-2020,6734.803711
25-03-2020,6681.062988
26-03-2020,6716.44043
27-03-2020,6469.79834
28-03-2020,6242.193848
29-03-2020,5922.042969
30-03-2020,6429.841797
31-03-2020,6438.644531
01-04-2020,6606.776367
02-04-2020,6793.624512
03-04-2020,6733.387207
04-04-2020,6867.527344
05-04-2020,6791.129395
06-04-2020,7271.78125
07-04-2020,7176.414551
08-04-2020,7334.098633
09-04-2020,7302.089355
10-04-2020,6865.493164
11-04-2020,6859.083008
12-04-2020,6971.091797
13-04-2020,6845.037598
14-04-2020,6842.427734
15-04-2020,6642.109863
16-04-2020,7116.804199
17-04-2020,7096.18457
18-04-2020,7257.665039
19-04-2020,7189.424805
20-04-2020,6881.958496
21-04-2020,6880.323242
22-04-2020,7117.20752
23-04-2020,7429.724609
24-04-2020,7550.900879
25-04-2020,7569.936035
26-04-2020,7679.867188
27-04-2020,7795.601074
28-04-2020,7807.058594
29-04-2020,8801.038086
30-04-2020,8658.553711
01-05-2020,8864.766602
02-05-2020,8988.59668
03-05-2020,8897.46875
04-05-2020,8912.654297
05-05-2020,9003.070313
06-05-2020,9268.761719
07-05-2020,9951.518555
08-05-2020,9842.666016
09-05-2020,9593.896484
10-05-2020,8756.430664
11-05-2020,8601.795898
12-05-2020,8804.477539
13-05-2020,9269.987305
14-05-2020,9733.72168
15-05-2020,9328.197266
16-05-2020,9377.013672
17-05-2020,9670.739258
18-05-2020,9726.575195
19-05-2020,9729.038086
20-05-2020,9522.981445
21-05-2020,9081.761719
22-05-2020,9182.577148
23-05-2020,9209.287109
24-05-2020,8790.368164
25-05-2020,8906.93457
26-05-2020,8835.052734
27-05-2020,9181.017578
28-05-2020,9525.750977
29-05-2020,9439.124023
30-05-2020,9700.414063
31-05-2020,9461.058594
01-06-2020,10167.26855
02-06-2020,9529.803711
03-06-2020,9656.717773
04-06-2020,9800.636719
05-06-2020,9665.533203
06-06-2020,9653.679688
07-06-2020,9758.852539
08-06-2020,9771.489258
09-06-2020,9795.700195
10-06-2020,9870.094727
11-06-2020,9321.78125
12-06-2020,9480.84375
13-06-2020,9475.277344
14-06-2020,9386.788086
15-06-2020,9450.702148
16-06-2020,9538.024414
17-06-2020,9480.254883
18-06-2020,9411.84082
19-06-2020,9288.018555
20-06-2020,9332.34082
21-06-2020,9303.629883
22-06-2020,9648.717773
23-06-2020,9629.658203
24-06-2020,9313.610352
25-06-2020,9264.813477
26-06-2020,9162.917969
27-06-2020,9045.390625
28-06-2020,9143.582031
29-06-2020,9190.854492
30-06-2020,9137.993164
01-07-2020,9228.325195
02-07-2020,9123.410156
03-07-2020,9087.303711
04-07-2020,9132.488281
05-07-2020,9073.942383
06-07-2020,9375.474609
07-07-2020,9252.277344
08-07-2020,9428.333008
09-07-2020,9277.967773
10-07-2020,9278.807617
11-07-2020,9240.34668
12-07-2020,9276.5
13-07-2020,9243.614258
14-07-2020,9243.213867
15-07-2020,9192.836914
16-07-2020,9132.227539
17-07-2020,9151.392578
18-07-2020,9159.040039
19-07-2020,9185.817383
20-07-2020,9164.231445
21-07-2020,9374.887695
22-07-2020,9525.363281
23-07-2020,9581.072266
24-07-2020,9536.892578
25-07-2020,9677.113281
26-07-2020,9905.166992
27-07-2020,10990.87305
28-07-2020,10912.82324
29-07-2020,11100.46777
30-07-2020,11111.21387
31-07-2020,11323.4668
01-08-2020,11759.59277
02-08-2020,11053.61426
03-08-2020,11246.34863
04-08-2020,11205.89258
05-08-2020,11747.02246
06-08-2020,11779.77344
07-08-2020,11601.47266
08-08-2020,11754.0459
09-08-2020,11675.73926
10-08-2020,11878.11133
11-08-2020,11410.52539
12-08-2020,11584.93457
13-08-2020,11784.1377
14-08-2020,11768.87109
15-08-2020,11865.69824
16-08-2020,11892.80371
17-08-2020,12254.40234
18-08-2020,11991.2334
19-08-2020,11758.2832
20-08-2020,11878.37207
21-08-2020,11592.48926
22-08-2020,11681.8252
23-08-2020,11664.84766
24-08-2020,11774.5957
25-08-2020,11366.13477
26-08-2020,11488.36328
27-08-2020,11323.39746
28-08-2020,11542.5
29-08-2020,11506.86523
30-08-2020,11711.50586
31-08-2020,11680.82031
01-09-2020,11970.47852
02-09-2020,11414.03418
03-09-2020,10245.29688
04-09-2020,10511.81348
05-09-2020,10169.56738
06-09-2020,10280.35156
07-09-2020,10369.56348
08-09-2020,10131.5166
09-09-2020,10242.34766
10-09-2020,10363.13867
11-09-2020,10400.91504
12-09-2020,10442.1709
13-09-2020,10323.75586
14-09-2020,10680.83789
15-09-2020,10796.95117
16-09-2020,10974.90527
17-09-2020,10948.99023
18-09-2020,10944.58594
19-09-2020,11094.34668
20-09-2020,10938.27148
21-09-2020,10462.25977
22-09-2020,10538.45996
23-09-2020,10246.18652
24-09-2020,10760.06641
25-09-2020,10692.7168
26-09-2020,10750.72363
27-09-2020,10775.26953
28-09-2020,10709.65234
29-09-2020,10844.64063
30-09-2020,10784.49121
01-10-2020,10619.45215
02-10-2020,10575.97461
03-10-2020,10549.3291
04-10-2020,10669.58301
05-10-2020,10793.33984
06-10-2020,10604.40625
07-10-2020,10668.96875
08-10-2020,10915.68555
09-10-2020,11064.45801
10-10-2020,11296.36133
11-10-2020,11384.18164
12-10-2020,11555.36328
13-10-2020,11425.89941
14-10-2020,11429.50684
15-10-2020,11495.34961
16-10-2020,11322.12305
17-10-2020,11358.10156
18-10-2020,11483.35938
19-10-2020,11742.03711
20-10-2020,11916.33496
21-10-2020,12823.68945
22-10-2020,12965.8916
23-10-2020,12931.53906
24-10-2020,13108.0625
25-10-2020,13031.17383
26-10-2020,13075.24805
27-10-2020,13654.21875
28-10-2020,13271.28516
29-10-2020,13437.88281
30-10-2020,13546.52246
31-10-2020,13780.99512
01-11-2020,13737.10938
02-11-2020,13550.48926
03-11-2020,13950.30078
04-11-2020,14133.70703
05-11-2020,15579.84863
06-11-2020,15565.88086
07-11-2020,14833.75391
08-11-2020,15479.56738
09-11-2020,15332.31543
10-11-2020,15290.90234
11-11-2020,15701.33984
12-11-2020,16276.34375
13-11-2020,16317.80859
14-11-2020,16068.13867
15-11-2020,15955.58789
16-11-2020,16716.11133
17-11-2020,17645.40625
18-11-2020,17804.00586
19-11-2020,17817.08984
20-11-2020,18621.31445
21-11-2020,18642.23242
22-11-2020,18370.00195
23-11-2020,18364.12109
24-11-2020,19107.46484
25-11-2020,18732.12109
26-11-2020,17150.62305
27-11-2020,17108.40234
28-11-2020,17717.41406
29-11-2020,18177.48438
30-11-2020,19625.83594
01-12-2020,18802.99805
02-12-2020,19201.0918
03-12-2020,19445.39844
04-12-2020,18699.76563
05-12-2020,19154.23047
06-12-2020,19345.12109
07-12-2020,19191.63086
08-12-2020,18321.14453
09-12-2020,18553.91602
10-12-2020,18264.99219
11-12-2020,18058.9043
12-12-2020,18803.65625
13-12-2020,19142.38281
14-12-2020,19246.64453
15-12-2020,19417.07617
16-12-2020,21310.59766
17-12-2020,22805.16211
18-12-2020,23137.96094
19-12-2020,23869.83203
20-12-2020,23477.29492
21-12-2020,22803.08203
22-12-2020,23783.0293
23-12-2020,23241.3457
24-12-2020,23735.94922
25-12-2020,24664.79102
26-12-2020,26437.03711
27-12-2020,26272.29492
28-12-2020,27084.80859
29-12-2020,27362.4375
30-12-2020,28840.95313
31-12-2020,29001.7207
01-01-2021,29374.15234
02-01-2021,32127.26758
03-01-2021,32782.02344
04-01-2021,31971.91406
05-01-2021,33992.42969
06-01-2021,36824.36328
07-01-2021,39371.04297
08-01-2021,40797.60938
09-01-2021,40254.54688
10-01-2021,38356.44141
11-01-2021,35566.65625
12-01-2021,33922.96094
13-01-2021,37316.35938
14-01-2021,39187.32813
15-01-2021,36825.36719
16-01-2021,36178.14063
17-01-2021,35791.27734
18-01-2021,36630.07422
19-01-2021,36069.80469
20-01-2021,35547.75
21-01-2021,30825.69922
22-01-2021,33005.76172
23-01-2021,32067.64258
24-01-2021,32289.37891
25-01-2021,32366.39258
26-01-2021,32569.84961
27-01-2021,30432.54688
28-01-2021,33466.09766
29-01-2021,34316.38672
30-01-2021,34269.52344
31-01-2021,33114.35938
01-02-2021,33537.17578
02-02-2021,35510.28906
03-02-2021,37472.08984
04-02-2021,36926.06641
05-02-2021,38144.30859
06-02-2021,39266.01172
07-02-2021,38903.44141
08-02-2021,46196.46484
09-02-2021,46481.10547
10-02-2021,44918.18359
11-02-2021,47909.33203
12-02-2021,47504.85156
13-02-2021,47105.51563
14-02-2021,48717.28906
15-02-2021,47945.05859
16-02-2021,49199.87109
17-02-2021,52149.00781
18-02-2021,51679.79688
19-02-2021,55888.13281
20-02-2021,56099.51953
21-02-2021,57539.94531
22-02-2021,54207.32031
23-02-2021,48824.42578
24-02-2021,49705.33203
25-02-2021,47093.85156
26-02-2021,46339.76172
27-02-2021,46188.45313
28-02-2021,45137.76953
01-03-2021,49631.24219
02-03-2021,48378.98828
03-03-2021,50538.24219
04-03-2021,48561.16797
05-03-2021,48927.30469
06-03-2021,48912.38281
07-03-2021,51206.69141
08-03-2021,52246.52344
09-03-2021,54824.11719
10-03-2021,56008.55078
11-03-2021,57805.12109
12-03-2021,57332.08984
13-03-2021,61243.08594
14-03-2021,59302.31641
15-03-2021,55907.19922
16-03-2021,56804.90234
17-03-2021,58870.89453
18-03-2021,57858.92188
19-03-2021,58346.65234
20-03-2021,58313.64453
21-03-2021,57523.42188
22-03-2021,54529.14453
23-03-2021,54738.94531
24-03-2021,52774.26563
25-03-2021,51704.16016
26-03-2021,55137.3125
27-03-2021,55973.51172
28-03-2021,55950.74609
29-03-2021,57750.19922
30-03-2021,58917.69141
31-03-2021,58918.83203
01-04-2021,59095.80859
02-04-2021,59384.3125
03-04-2021,57603.89063
04-04-2021,58758.55469
05-04-2021,59057.87891
06-04-2021,58192.35938
07-04-2021,56048.9375
08-04-2021,58323.95313
09-04-2021,58245.00391
10-04-2021,59793.23438
11-04-2021,60204.96484
12-04-2021,59893.45313
13-04-2021,63503.45703
14-04-2021,63109.69531
15-04-2021,63314.01172
16-04-2021,61572.78906
17-04-2021,60683.82031
18-04-2021,56216.18359
19-04-2021,55724.26563
20-04-2021,56473.03125
21-04-2021,53906.08984
22-04-2021,51762.27344
23-04-2021,51093.65234
24-04-2021,50050.86719
25-04-2021,49004.25391
26-04-2021,54021.75391
27-04-2021,55033.11719
28-04-2021,54824.70313
29-04-2021,53555.10938
30-04-2021,57750.17578
01-05-2021,57828.05078
02-05-2021,56631.07813
03-05-2021,57200.29297
04-05-2021,53333.53906
05-05-2021,57424.00781
06-05-2021,56396.51563
07-05-2021,57356.40234
08-05-2021,58803.77734
09-05-2021,58232.31641
10-05-2021,55859.79688
11-05-2021,56704.57422
12-05-2021,49150.53516
13-05-2021,49716.19141
14-05-2021,49880.53516
15-05-2021,46760.1875
16-05-2021,46456.05859
17-05-2021,43537.51172
18-05-2021,42909.40234
19-05-2021,37002.44141
20-05-2021,40782.73828
21-05-2021,37304.69141
22-05-2021,37536.63281
23-05-2021,34770.58203
24-05-2021,38705.98047
25-05-2021,38402.22266
26-05-2021,39294.19922
27-05-2021,38436.96875
28-05-2021,35697.60547
29-05-2021,34616.06641
30-05-2021,35678.12891
31-05-2021,37332.85547
01-06-2021,36684.92578
02-06-2021,37575.17969
03-06-2021,39208.76563
04-06-2021,36894.40625
05-06-2021,35551.95703
06-06-2021,35862.37891
07-06-2021,33560.70703
08-06-2021,33472.63281
09-06-2021,37345.12109
10-06-2021,36702.59766
11-06-2021,37334.39844
12-06-2021,35552.51563
13-06-2021,39097.85938
14-06-2021,40218.47656
15-06-2021,40406.26953
16-06-2021,38347.0625
17-06-2021,38053.50391
18-06-2021,35787.24609
19-06-2021,35615.87109
20-06-2021,35698.29688
21-06-2021,31676.69336
22-06-2021,32505.66016
23-06-2021,33723.02734
24-06-2021,34662.4375
25-06-2021,31637.7793
26-06-2021,32186.27734
27-06-2021,34649.64453
28-06-2021,34434.33594
29-06-2021,35867.77734
30-06-2021,35040.83594
01-07-2021,33572.11719
02-07-2021,33897.04688
03-07-2021,34668.54688
04-07-2021,35287.78125
05-07-2021,33746.00391
06-07-2021,34235.19531
07-07-2021,33855.32813
08-07-2021,32877.37109
09-07-2021,33798.01172
10-07-2021,33520.51953
11-07-2021,34240.1875
12-07-2021,33155.84766
13-07-2021,32702.02539
14-07-2021,32822.34766
15-07-2021,31780.73047
16-07-2021,31421.53906
17-07-2021,31533.06836
18-07-2021,31796.81055
19-07-2021,30817.83203
20-07-2021,29807.34766
21-07-2021,32110.69336
22-07-2021,32313.10547
23-07-2021,33581.55078
24-07-2021,34292.44531
25-07-2021,35350.1875
26-07-2021,37337.53516
27-07-2021,39406.94141
28-07-2021,39995.90625
29-07-2021,40008.42188
30-07-2021,42235.54688
31-07-2021,41626.19531
01-08-2021,39974.89453
02-08-2021,39201.94531
03-08-2021,38152.98047
04-08-2021,39747.50391
05-08-2021,40869.55469
06-08-2021,42816.5
07-08-2021,44555.80078
08-08-2021,43798.11719
09-08-2021,46365.40234
10-08-2021,45585.03125
11-08-2021,45593.63672
12-08-2021,44428.28906
13-08-2021,47793.32031
14-08-2021,47096.94531
15-08-2021,47047.00391
16-08-2021,46004.48438
17-08-2021,44695.35938
18-08-2021,44801.1875
19-08-2021,46717.57813
20-08-2021,49339.17578
21-08-2021,48905.49219
22-08-2021,49321.65234
23-08-2021,49546.14844
24-08-2021,47706.11719
25-08-2021,48960.78906
26-08-2021,46942.21875
27-08-2021,49058.66797
28-08-2021,48902.40234
29-08-2021,48829.83203
30-08-2021,47054.98438
31-08-2021,47166.6875
01-09-2021,48847.02734
02-09-2021,49327.72266
03-09-2021,50025.375
04-09-2021,49944.625
05-09-2021,51753.41016
06-09-2021,52633.53516
07-09-2021,46811.12891
08-09-2021,46091.39063
09-09-2021,46391.42188
10-09-2021,44883.91016
11-09-2021,45201.45703
12-09-2021,46063.26953
13-09-2021,44963.07422
14-09-2021,47092.49219
15-09-2021,48176.34766
16-09-2021,47783.35938
17-09-2021,47267.51953
18-09-2021,48278.36328
19-09-2021,47260.21875
20-09-2021,42843.80078
21-09-2021,40693.67578
22-09-2021,43574.50781
23-09-2021,44895.09766
24-09-2021,42839.75
25-09-2021,42716.59375
26-09-2021,43208.53906
27-09-2021,42235.73047
28-09-2021,41034.54297
29-09-2021,41564.36328
30-09-2021,43790.89453
01-10-2021,48116.94141
02-10-2021,47711.48828
03-10-2021,48199.95313
04-10-2021,49112.90234
05-10-2021,51514.8125
06-10-2021,55361.44922
07-10-2021,53805.98438
08-10-2021,53967.84766
09-10-2021,54968.22266
10-10-2021,54771.57813
11-10-2021,57484.78906
12-10-2021,56041.05859
13-10-2021,57401.09766
14-10-2021,57321.52344
15-10-2021,61593.94922
16-10-2021,60892.17969
17-10-2021,61553.61719
18-10-2021,62026.07813
19-10-2021,64261.99219
20-10-2021,65992.83594
21-10-2021,62210.17188
22-10-2021,60692.26563
23-10-2021,61393.61719
24-10-2021,60930.83594
25-10-2021,63039.82422
26-10-2021,60363.79297
27-10-2021,58482.38672
28-10-2021,60622.13672
29-10-2021,62227.96484
30-10-2021,61888.83203
31-10-2021,61318.95703
01-11-2021,61004.40625
02-11-2021,63226.40234
03-11-2021,62970.04688
04-11-2021,61452.23047
05-11-2021,61125.67578
06-11-2021,61527.48047
07-11-2021,63326.98828
08-11-2021,67566.82813
09-11-2021,66971.82813
10-11-2021,64995.23047
11-11-2021,64949.96094
12-11-2021,64155.94141
13-11-2021,64469.52734
14-11-2021,65466.83984
15-11-2021,63557.87109
16-11-2021,60161.24609
17-11-2021,60368.01172
18-11-2021,56942.13672
19-11-2021,58119.57813
20-11-2021,59697.19531
21-11-2021,58730.47656
22-11-2021,56289.28906
23-11-2021,57569.07422
24-11-2021,56280.42578
25-11-2021,57274.67969
26-11-2021,53569.76563
27-11-2021,54815.07813
28-11-2021,57248.45703
29-11-2021,57806.56641
30-11-2021,57005.42578
01-12-2021,57229.82813
02-12-2021,56477.81641
03-12-2021,53598.24609
04-12-2021,49200.70313
05-12-2021,49368.84766
06-12-2021,50582.625
07-12-2021,50700.08594
08-12-2021,50504.79688
09-12-2021,47672.12109
10-12-2021,47243.30469
11-12-2021,49362.50781
12-12-2021,50098.33594
13-12-2021,46737.48047
14-12-2021,46612.63281
15-12-2021,48896.72266
16-12-2021,47665.42578
17-12-2021,46202.14453
18-12-2021,46848.77734
19-12-2021,46707.01563
20-12-2021,46880.27734
21-12-2021,48936.61328
22-12-2021,48628.51172
23-12-2021,50784.53906
24-12-2021,50822.19531
25-12-2021,50429.85938
26-12-2021,50809.51563
27-12-2021,50640.41797
28-12-2021,47588.85547
29-12-2021,46444.71094
30-12-2021,47178.125
31-12-2021,46306.44531
01-01-2022,47686.8125
02-01-2022,47345.21875
03-01-2022,46458.11719
04-01-2022,45897.57422
05-01-2022,43569.00391
06-01-2022,43160.92969
07-01-2022,41557.90234
08-01-2022,41733.94141
09-01-2022,41911.60156
10-01-2022,41821.26172
11-01-2022,42735.85547
12-01-2022,43949.10156
13-01-2022,42591.57031
14-01-2022,43099.69922
15-01-2022,43177.39844
16-01-2022,43113.87891
17-01-2022,42250.55078
18-01-2022,42375.63281
19-01-2022,41744.32813
20-01-2022,40680.41797
21-01-2022,36457.31641
22-01-2022,35030.25
23-01-2022,36276.80469
24-01-2022,36654.32813
25-01-2022,36954.00391
26-01-2022,36852.12109
27-01-2022,37138.23438
28-01-2022,37784.33203
29-01-2022,38138.17969
30-01-2022,37917.60156
31-01-2022,38483.125
01-02-2022,38743.27344
02-02-2022,36952.98438
03-02-2022,37154.60156
04-02-2022,41500.875
05-02-2022,41441.16406
06-02-2022,42412.43359
07-02-2022,43840.28516
08-02-2022,44118.44531
09-02-2022,44338.79688
10-02-2022,43565.11328
11-02-2022,42407.9375
12-02-2022,42244.46875
13-02-2022,42197.51563
14-02-2022,42586.91797
15-02-2022,44575.20313
16-02-2022,43961.85938
17-02-2022,40538.01172
18-02-2022,40030.97656
19-02-2022,40122.15625
20-02-2022,38431.37891
21-02-2022,37075.28125
22-02-2022,38286.02734
23-02-2022,37296.57031
24-02-2022,38332.60938
25-02-2022,39214.21875
26-02-2022,39105.14844
27-02-2022,37709.78516
28-02-2022,43193.23438
01-03-2022,44354.63672
02-03-2022,43924.11719
03-03-2022,42451.78906
04-03-2022,39137.60547
05-03-2022,39400.58594
06-03-2022,38419.98438
07-03-2022,38062.03906
08-03-2022,38737.26953
09-03-2022,41982.92578
10-03-2022,39437.46094
11-03-2022,38794.97266
12-03-2022,38904.01172
13-03-2022,37849.66406
14-03-2022,39666.75391
15-03-2022,39338.78516
16-03-2022,41143.92969
17-03-2022,40951.37891
18-03-2022,41801.15625
19-03-2022,42190.65234
20-03-2022,41247.82422
21-03-2022,41077.99609
22-03-2022,42358.80859
23-03-2022,42892.95703
24-03-2022,43960.93359
25-03-2022,44348.73047
26-03-2022,44500.82813
27-03-2022,46820.49219
28-03-2022,47128.00391
29-03-2022,47465.73047
30-03-2022,47062.66406
31-03-2022,45538.67578
01-04-2022,46281.64453
02-04-2022,45868.94922
03-04-2022,46453.56641
04-04-2022,46622.67578
05-04-2022,45555.99219
06-04-2022,43206.73828
07-04-2022,43503.84766
08-04-2022,42287.66406
09-04-2022,42782.13672
10-04-2022,42207.67188
11-04-2022,39521.90234
12-04-2022,40127.18359
13-04-2022,41166.73047
14-04-2022,39935.51563
15-04-2022,40553.46484
16-04-2022,40424.48438
17-04-2022,39716.95313
18-04-2022,40826.21484
19-04-2022,41502.75
20-04-2022,41374.37891
21-04-2022,40527.36328
22-04-2022,39740.32031
23-04-2022,39486.73047
24-04-2022,39469.29297
25-04-2022,40458.30859
26-04-2022,38117.46094
27-04-2022,39241.12109
28-04-2022,39773.82813
29-04-2022,38609.82422
30-04-2022,37714.875
01-05-2022,38469.09375
02-05-2022,38529.32813
03-05-2022,37750.45313
04-05-2022,39698.37109
05-05-2022,36575.14063
06-05-2022,36040.92188
07-05-2022,35501.95313
08-05-2022,34059.26563
09-05-2022,30296.95313
10-05-2022,31022.90625
11-05-2022,28936.35547
12-05-2022,29047.75195
13-05-2022,29283.10352
14-05-2022,30101.26563
15-05-2022,31305.11328
16-05-2022,29862.91797
17-05-2022,30425.85742
18-05-2022,28720.27148
19-05-2022,30314.33398
20-05-2022,29200.74023
21-05-2022,29432.22656
22-05-2022,30323.72266
23-05-2022,29098.91016
24-05-2022,29655.58594
25-05-2022,29562.36133
26-05-2022,29267.22461
27-05-2022,28627.57422
28-05-2022,28814.90039
29-05-2022,29445.95703
30-05-2022,31726.39063
31-05-2022,31792.31055
01-06-2022,29799.08008
02-06-2022,30467.48828
03-06-2022,29704.39063
04-06-2022,29832.91406
05-06-2022,29906.66211
06-06-2022,31370.67188
07-06-2022,31155.47852
08-06-2022,30214.35547
09-06-2022,30111.99805
10-06-2022,29083.80469
11-06-2022,28360.81055
12-06-2022,26762.64844
13-06-2022,22487.38867
14-06-2022,22206.79297
15-06-2022,22572.83984
16-06-2022,20381.65039
17-06-2022,20471.48242
18-06-2022,19017.64258
19-06-2022,20553.27148
20-06-2022,20599.53711
21-06-2022,20710.59766
22-06-2022,19987.0293
23-06-2022,21085.87695
24-06-2022,21231.65625
25-06-2022,21502.33789
26-06-2022,21027.29492
27-06-2022,20735.47852
28-06-2022,20280.63477
29-06-2022,20104.02344
30-06-2022,19784.72656
01-07-2022,19269.36719
02-07-2022,19242.25586
03-07-2022,19297.07617
04-07-2022,20231.26172
05-07-2022,20190.11523
06-07-2022,20548.24609
07-07-2022,21637.58789
08-07-2022,21731.11719
09-07-2022,21592.20703
10-07-2022,20860.44922
11-07-2022,19970.55664
12-07-2022,19323.91406
13-07-2022,20212.07422
14-07-2022,20569.91992
15-07-2022,20836.32813
16-07-2022,21190.31641
17-07-2022,20779.34375
18-07-2022,22485.68945
19-07-2022,23389.43359
20-07-2022,23231.73242
21-07-2022,23164.62891
22-07-2022,22714.97852
23-07-2022,22465.47852
24-07-2022,22609.16406
25-07-2022,21361.70117
26-07-2022,21239.75391
27-07-2022,22930.54883
28-07-2022,23843.88672
29-07-2022,23804.63281
30-07-2022,23656.20703
31-07-2022,23336.89648
01-08-2022,23314.19922
02-08-2022,22978.11719
03-08-2022,22846.50781
04-08-2022,22630.95703
05-08-2022,23289.31445
06-08-2022,22961.2793
07-08-2022,23175.89063
08-08-2022,23809.48633
09-08-2022,23164.31836
10-08-2022,23947.64258
11-08-2022,23957.5293
12-08-2022,24402.81836
13-08-2022,24424.06836
14-08-2022,24319.33398
15-08-2022,24136.97266
16-08-2022,23883.29102
17-08-2022,23335.99805
18-08-2022,23212.73828
19-08-2022,20877.55273
20-08-2022,21166.06055
21-08-2022,21534.12109
22-08-2022,21398.9082
23-08-2022,21528.08789
24-08-2022,21395.01953
25-08-2022,21600.9043
26-08-2022,20260.01953
27-08-2022,20041.73828
28-08-2022,19616.81445
29-08-2022,20297.99414
30-08-2022,19796.80859
31-08-2022,20049.76367
01-09-2022,20127.14063
02-09-2022,19969.77148
03-09-2022,19832.08789
04-09-2022,19986.71289
05-09-2022,19812.37109
06-09-2022,18837.66797
07-09-2022,19290.32422
08-09-2022,19329.83398
09-09-2022,21381.15234
10-09-2022,21680.53906
11-09-2022,21769.25586
12-09-2022,22370.44922
13-09-2022,20296.70703
14-09-2022,20241.08984
15-09-2022,19701.21094
16-09-2022,19772.58398
17-09-2022,20127.57617
18-09-2022,19419.50586
19-09-2022,19544.12891
20-09-2022,18890.78906
21-09-2022,18547.40039
22-09-2022,19413.55078
23-09-2022,19297.63867
24-09-2022,18937.01172
25-09-2022,18802.09766
26-09-2022,19222.67188
27-09-2022,19110.54688
28-09-2022,19426.7207
29-09-2022,19573.05078
30-09-2022,19431.78906
01-10-2022,19312.0957
02-10-2022,19044.10742
03-10-2022,19623.58008
04-10-2022,20336.84375
05-10-2022,20160.7168
06-10-2022,19955.44336
07-10-2022,19546.84961
08-10-2022,19416.56836
09-10-2022,19446.42578
10-10-2022,19141.48438
11-10-2022,19051.41797
12-10-2022,19157.44531
13-10-2022,19382.9043
14-10-2022,19185.65625
15-10-2022,19067.63477
16-10-2022,19268.09375
17-10-2022,19550.75781
18-10-2022,19334.41602
19-10-2022,19139.53516
20-10-2022,19053.74023
21-10-2022,19172.46875
22-10-2022,19208.18945
23-10-2022,19567.00781
24-10-2022,19345.57227
25-10-2022,20095.85742
26-10-2022,20770.44141
27-10-2022,20285.83594
28-10-2022,20595.35156
29-10-2022,20818.47656
30-10-2022,20635.60352
31-10-2022,20495.77344
01-11-2022,20485.27344
02-11-2022,20159.50391
03-11-2022,20209.98828
04-11-2022,21147.23047
05-11-2022,21282.69141
06-11-2022,20926.48633
07-11-2022,20602.81641
08-11-2022,18541.27148
09-11-2022,15880.78027
10-11-2022,17586.77148
11-11-2022,17034.29297
12-11-2022,16799.18555
13-11-2022,16353.36523
14-11-2022,16618.19922
15-11-2022,16884.61328
16-11-2022,16669.43945
17-11-2022,16687.51758
18-11-2022,16697.77734
19-11-2022,16711.54688
20-11-2022,16291.83203
21-11-2022,15787.28418
22-11-2022,16189.76953
23-11-2022,16610.70703
24-11-2022,16604.46484
25-11-2022,16521.8418
26-11-2022,16464.28125
27-11-2022,16444.62695
28-11-2022,16217.32227
29-11-2022,16444.98242
30-11-2022,17168.56641
01-12-2022,16967.13281
02-12-2022,17088.66016
03-12-2022,16908.23633
04-12-2022,17130.48633
05-12-2022,16974.82617
06-12-2022,17089.50391
07-12-2022,16848.12695
08-12-2022,17233.47461
09-12-2022,17133.15234
10-12-2022,17128.72461
11-12-2022,17104.19336
12-12-2022,17206.4375
13-12-2022,17781.31836
14-12-2022,17815.65039
15-12-2022,17364.86523
16-12-2022,16647.48438
17-12-2022,16795.0918
18-12-2022,16757.97656
19-12-2022,16439.67969
20-12-2022,16906.30469
21-12-2022,16817.53516
22-12-2022,16830.3418
23-12-2022,16796.95313
24-12-2022,16847.75586
25-12-2022,16841.98633
26-12-2022,16919.80469
27-12-2022,16717.17383
28-12-2022,16552.57227
29-12-2022,16642.3418
30-12-2022,16602.58594
31-12-2022,16547.49609
01-01-2023,16625.08008
02-01-2023,16688.4707
03-01-2023,16679.85742
04-01-2023,16863.23828
05-01-2023,16836.73633
06-01-2023,16951.96875
07-01-2023,16955.07813
08-01-2023,17091.14453
09-01-2023,17196.55469
10-01-2023,17446.29297
11-01-2023,17934.89648
12-01-2023,18869.58789
13-01-2023,19909.57422
14-01-2023,20976.29883
15-01-2023,20880.79883
16-01-2023,21169.63281
17-01-2023,21161.51953
18-01-2023,20688.78125
19-01-2023,21086.79297
20-01-2023,22676.55273
21-01-2023,22777.625
22-01-2023,22720.41602
23-01-2023,22934.43164
24-01-2023,22636.46875
25-01-2023,23117.85938
26-01-2023,23032.77734
27-01-2023,23078.72852
28-01-2023,23031.08984
29-01-2023,23774.56641
30-01-2023,22840.13867
31-01-2023,23139.2832
01-02-2023,23723.76953
02-02-2023,23471.87109
03-02-2023,23449.32227
04-02-2023,23331.84766
05-02-2023,22955.66602
06-02-2023,22760.10938
07-02-2023,23264.29102
08-02-2023,22939.39844
09-02-2023,21819.03906
10-02-2023,21651.18359
11-02-2023,21870.875
12-02-2023,21788.20313
13-02-2023,21808.10156
14-02-2023,22220.80469
15-02-2023,24307.8418
16-02-2023,23623.47461
17-02-2023,24565.60156
18-02-2023,24641.27734
19-02-2023,24327.64258
20-02-2023,24829.14844
21-02-2023,24436.35352
22-02-2023,24188.84375
23-02-2023,23947.49219
24-02-2023,23198.12695
25-02-2023,23175.375
26-02-2023,23561.21289
27-02-2023,23522.87109
28-02-2023,23147.35352
01-03-2023,23646.55078
02-03-2023,23475.4668
03-03-2023,22362.67969
04-03-2023,22353.34961
05-03-2023,22435.51367
06-03-2023,22429.75781
07-03-2023,22219.76953
08-03-2023,21718.08008
09-03-2023,20363.02148
10-03-2023,20187.24414
11-03-2023,20632.41016
12-03-2023,22163.94922
13-03-2023,24197.5332
14-03-2023,24746.07422
15-03-2023,24375.96094
16-03-2023,25052.78906
17-03-2023,27423.92969
18-03-2023,26965.87891
19-03-2023,28038.67578
20-03-2023,27767.23633
21-03-2023,28175.81641
22-03-2023,27307.4375
23-03-2023,28333.97266
24-03-2023,27493.28516
25-03-2023,27494.70703
26-03-2023,27994.33008
27-03-2023,27139.88867
28-03-2023,27268.13086
29-03-2023,28348.44141
30-03-2023,28033.5625
31-03-2023,28478.48438
01-04-2023,28411.03516
02-04-2023,28199.30859
03-04-2023,27790.2207
04-04-2023,28168.08984
05-04-2023,28177.98438
06-04-2023,28044.14063
07-04-2023,27925.85938
08-04-2023,27947.79492
09-04-2023,28333.05078
10-04-2023,29652.98047
11-04-2023,30235.05859
12-04-2023,30139.05273
13-04-2023,30399.06641
14-04-2023,30485.69922
15-04-2023,30318.49609
16-04-2023,30315.35547
17-04-2023,29445.04492
18-04-2023,30397.55273
19-04-2023,28822.67969
20-04-2023,28245.98828
21-04-2023,27276.91016
22-04-2023,27817.5
23-04-2023,27591.38477
24-04-2023,27525.33984
25-04-2023,28307.59766
26-04-2023,28422.70117
27-04-2023,29473.78711
28-04-2023,29340.26172
29-04-2023,29248.48828
30-04-2023,29268.80664
01-05-2023,28091.56836
02-05-2023,28680.53711
03-05-2023,29006.30859
04-05-2023,28847.71094
05-05-2023,29534.38477
06-05-2023,28904.62305
07-05-2023,28454.97852
08-05-2023,27694.27344
09-05-2023,27474.0957
